feature,document_frequency,idf,n_patients
BoW_prob(0.00),252,1.1433643135407614,291
BoW_prob(0.01),279,1.0419641990990323,291
BoW_prob(0.02),282,1.031306904625044,291
BoW_prob(0.03),285,1.0207619914484292,291
BoW_prob(0.04),285,1.0207619914484292,291
BoW_prob(0.05),285,1.0207619914484292,291
BoW_prob(0.06),288,1.0103271141558494,291
BoW_prob(0.07),283,1.0277795641070757,291
BoW_prob(0.08),283,1.0277795641070757,291
BoW_prob(0.09),278,1.0455420204469161,291
BoW_prob(0.10),282,1.031306904625044,291
BoW_prob(0.11),279,1.0419641990990323,291
BoW_prob(0.12),271,1.0709517359722844,291
BoW_prob(0.13),268,1.0820424226664427,291
BoW_prob(0.14),271,1.0709517359722844,291
BoW_prob(0.15),271,1.0709517359722844,291
BoW_prob(0.16),274,1.0599827046017105,291
BoW_prob(0.17),257,1.1237942173466644,291
BoW_prob(0.18),260,1.1122333949455883,291
BoW_prob(0.19),251,1.1473247147568586,291
BoW_prob(0.20),245,1.1714222663359188,291
BoW_prob(0.21),248,1.1593009058035741,291
BoW_prob(0.22),245,1.1714222663359188,291
BoW_prob(0.23),229,1.2386744933450864,291
BoW_prob(0.24),236,1.2086936611331507,291
BoW_prob(0.25),236,1.2086936611331507,291
BoW_prob(0.26),232,1.2257153487025811,291
BoW_prob(0.27),211,1.3201675275962692,291
BoW_prob(0.28),220,1.2785911007505288,291
BoW_prob(0.29),212,1.3154616365588567,291
BoW_prob(0.30),219,1.2831262559159202,291
BoW_prob(0.31),208,1.3344195503034708,291
BoW_prob(0.32),195,1.3986391430377645,291
BoW_prob(0.33),207,1.3392157225669636,291
BoW_prob(0.34),196,1.3935500735302933,291
BoW_prob(0.35),178,1.4893679964275268,291
BoW_prob(0.36),179,1.4837969513780713,291
BoW_prob(0.37),174,1.5119678283447677,291
BoW_prob(0.38),178,1.4893679964275268,291
BoW_prob(0.39),143,1.706940502692281,291
BoW_prob(0.40),154,1.633328685349035,291
BoW_prob(0.41),139,1.7351113796589774,291
BoW_prob(0.42),151,1.6528732814220053,291
BoW_prob(0.43),138,1.7422798691375898,291
BoW_prob(0.44),139,1.7351113796589774,291
BoW_prob(0.45),126,1.8325667158096905,291
BoW_prob(0.46),127,1.8247235383486646,291
BoW_prob(0.47),116,1.9145798674705257,291
BoW_prob(0.48),120,1.8809632566715406,291
BoW_prob(0.49),109,1.9762734364758656,291
BoW_prob(0.50),102,2.042024814038646,291
BoW_prob(0.51),106,2.0039249678063755,291
BoW_prob(0.52),108,1.985405920039138,291
BoW_prob(0.53),86,2.210845683613698,291
BoW_prob(0.54),90,2.165894295751432,291
BoW_prob(0.55),85,2.222406506014774,291
BoW_prob(0.56),88,2.188117432536142,291
BoW_prob(0.57),80,2.282304647595843,291
BoW_prob(0.58),80,2.282304647595843,291
BoW_prob(0.59),70,2.4140739252269663,291
BoW_prob(0.60),76,2.3329483804145976,291
BoW_prob(0.61),69,2.428258560218923,291
BoW_prob(0.62),68,2.442647297671022,291
BoW_prob(0.63),55,2.6514021115331325,291
BoW_prob(0.64),68,2.442647297671022,291
BoW_prob(0.65),62,2.533619075876749,291
BoW_prob(0.66),57,2.6163107917218626,291
BoW_prob(0.67),44,2.870091312497962,291
BoW_prob(0.68),44,2.870091312497962,291
BoW_prob(0.69),39,2.9878743481543455,291
BoW_prob(0.70),37,3.039167642541896,291
BoW_prob(0.71),39,2.9878743481543455,291
BoW_prob(0.72),51,2.725510083686854,291
BoW_prob(0.73),42,2.9155536865747194,291
BoW_prob(0.74),39,2.9878743481543455,291
BoW_prob(0.75),32,3.1802462408018015,291
BoW_prob(0.76),36,3.0658358896240574,291
BoW_prob(0.77),31,3.211017899468555,291
BoW_prob(0.78),40,2.963181735563974,291
BoW_prob(0.79),23,3.498699971920336,291
BoW_prob(0.80),29,3.2755564206061263,291
BoW_prob(0.81),14,3.9687036011660717,291
BoW_prob(0.82),23,3.498699971920336,291
BoW_prob(0.83),23,3.498699971920336,291
BoW_prob(0.84),26,3.3809169362639526,291
BoW_prob(0.85),19,3.681021528714291,291
BoW_prob(0.86),17,3.7863820443721172,291
BoW_prob(0.87),18,3.7323148231018415,291
BoW_prob(0.88),19,3.681021528714291,291
BoW_prob(0.89),16,3.8435404582120656,291
BoW_prob(0.90),15,3.9041650800285006,291
BoW_prob(0.91),14,3.9687036011660717,291
BoW_prob(0.92),15,3.9041650800285006,291
BoW_prob(0.93),10,4.278858529469911,291
BoW_prob(0.94),14,3.9687036011660717,291
BoW_prob(0.95),13,4.037696472653023,291
BoW_prob(0.96),10,4.278858529469911,291
BoW_prob(0.97),6,4.730843653212968,291
BoW_prob(0.98),9,4.374168709274236,291
BoW_prob(0.99),4,5.067315889834181,291
BoW_prob(1.00),1,5.983606621708336,291
BoW_pred(0),291,1.0,291
BoW_pred(1),237,1.2044831285968072,291
