Backbone,Branch,Selection,IDF,n_after_corr,n_after_uni,n_selected,Selected features,Pathomics C train,Pathomics C test,Pathomics test 95% CI,Combined C train,Combined C test,Combined test 95% CI
ResNet50,PLH+BoW,k=3,allIDF,96,80,3,"BoW_prob_0.50, BoW_prob_0.58, BoW_pred_1",0.766,0.764,0.647-0.867,0.833,0.837,0.733-0.931
ResNet50,PLH only,k=3,allIDF,92,72,3,"PLH_prob_0.50, PLH_prob_0.58, PLH_pred_1",0.766,0.747,0.627-0.856,0.834,0.824,0.707-0.927
ResNet50,BoW only,k=3,allIDF,95,79,3,"BoW_prob_0.50, BoW_prob_0.58, BoW_pred_1",0.766,0.764,0.652-0.871,0.833,0.837,0.734-0.930
ResNet50,PLH+BoW,CV,allIDF,96,80,42,"BoW_prob_0.02, BoW_prob_0.03, BoW_prob_0.05, BoW_prob_0.31, BoW_prob_0.32, BoW_prob_0.36, BoW_prob_0.37, BoW_prob_0.38, BoW_prob_0.40, BoW_prob_0.42, BoW_prob_0.43, BoW_prob_0.44, BoW_prob_0.45, BoW_prob_0.47, BoW_prob_0.48, BoW_prob_0.49, BoW_prob_0.50, BoW_prob_0.51, BoW_prob_0.52, BoW_prob_0.53, BoW_prob_0.54, BoW_prob_0.55, BoW_prob_0.57, BoW_prob_0.58, BoW_prob_0.60, BoW_prob_0.61, BoW_prob_0.62, BoW_prob_0.63, BoW_prob_0.64, BoW_prob_0.65, BoW_prob_0.66, BoW_prob_0.68, BoW_prob_0.69, BoW_prob_0.71, BoW_prob_0.72, BoW_prob_0.75, BoW_prob_0.77, BoW_prob_0.78, BoW_prob_0.79, BoW_prob_0.82, BoW_prob_0.85, BoW_pred_1",0.793,0.699,0.577-0.821,0.839,0.766,0.659-0.864
ResNet50,PLH only,CV,allIDF,92,72,1,PLH_pred_1,0.76,0.669,0.524-0.817,0.816,0.797,0.671-0.914
ResNet50,BoW only,CV,allIDF,95,79,42,"BoW_prob_0.02, BoW_prob_0.03, BoW_prob_0.05, BoW_prob_0.31, BoW_prob_0.32, BoW_prob_0.36, BoW_prob_0.37, BoW_prob_0.38, BoW_prob_0.40, BoW_prob_0.42, BoW_prob_0.43, BoW_prob_0.44, BoW_prob_0.45, BoW_prob_0.47, BoW_prob_0.48, BoW_prob_0.49, BoW_prob_0.50, BoW_prob_0.51, BoW_prob_0.52, BoW_prob_0.53, BoW_prob_0.54, BoW_prob_0.55, BoW_prob_0.57, BoW_prob_0.58, BoW_prob_0.60, BoW_prob_0.61, BoW_prob_0.62, BoW_prob_0.63, BoW_prob_0.64, BoW_prob_0.65, BoW_prob_0.66, BoW_prob_0.68, BoW_prob_0.69, BoW_prob_0.71, BoW_prob_0.72, BoW_prob_0.75, BoW_prob_0.77, BoW_prob_0.78, BoW_prob_0.79, BoW_prob_0.82, BoW_prob_0.85, BoW_pred_1",0.793,0.699,0.579-0.820,0.839,0.766,0.663-0.859
ResNet50,PLH+BoW,k=3,trainIDF,96,79,3,"BoW_prob_0.50, BoW_prob_0.58, BoW_pred_1",0.767,0.765,0.653-0.872,0.834,0.837,0.729-0.932
ResNet50,PLH only,k=3,trainIDF,92,72,3,"PLH_prob_0.50, PLH_prob_0.58, PLH_pred_1",0.766,0.747,0.634-0.859,0.834,0.824,0.715-0.927
ResNet50,BoW only,k=3,trainIDF,96,79,3,"BoW_prob_0.50, BoW_prob_0.58, BoW_pred_1",0.767,0.765,0.647-0.869,0.834,0.837,0.735-0.931
ResNet50,PLH+BoW,CV,trainIDF,96,79,43,"BoW_prob_0.02, BoW_prob_0.03, BoW_prob_0.05, BoW_prob_0.31, BoW_prob_0.32, BoW_prob_0.36, BoW_prob_0.37, BoW_prob_0.38, BoW_prob_0.40, BoW_prob_0.42, BoW_prob_0.43, BoW_prob_0.44, BoW_prob_0.45, BoW_prob_0.47, BoW_prob_0.48, BoW_prob_0.49, BoW_prob_0.50, BoW_prob_0.51, BoW_prob_0.52, BoW_prob_0.53, BoW_prob_0.54, BoW_prob_0.55, BoW_prob_0.57, BoW_prob_0.58, BoW_prob_0.60, BoW_prob_0.61, BoW_prob_0.62, BoW_prob_0.63, BoW_prob_0.64, BoW_prob_0.65, BoW_prob_0.66, BoW_prob_0.68, BoW_prob_0.69, BoW_prob_0.71, BoW_prob_0.72, BoW_prob_0.75, BoW_prob_0.77, BoW_prob_0.78, BoW_prob_0.79, BoW_prob_0.82, BoW_prob_0.85, BoW_prob_0.91, BoW_pred_1",0.798,0.709,0.578-0.824,0.841,0.777,0.671-0.873
ResNet50,PLH only,CV,trainIDF,92,72,1,PLH_pred_1,0.76,0.669,0.523-0.813,0.816,0.797,0.674-0.912
ResNet50,BoW only,CV,trainIDF,96,79,43,"BoW_prob_0.02, BoW_prob_0.03, BoW_prob_0.05, BoW_prob_0.31, BoW_prob_0.32, BoW_prob_0.36, BoW_prob_0.37, BoW_prob_0.38, BoW_prob_0.40, BoW_prob_0.42, BoW_prob_0.43, BoW_prob_0.44, BoW_prob_0.45, BoW_prob_0.47, BoW_prob_0.48, BoW_prob_0.49, BoW_prob_0.50, BoW_prob_0.51, BoW_prob_0.52, BoW_prob_0.53, BoW_prob_0.54, BoW_prob_0.55, BoW_prob_0.57, BoW_prob_0.58, BoW_prob_0.60, BoW_prob_0.61, BoW_prob_0.62, BoW_prob_0.63, BoW_prob_0.64, BoW_prob_0.65, BoW_prob_0.66, BoW_prob_0.68, BoW_prob_0.69, BoW_prob_0.71, BoW_prob_0.72, BoW_prob_0.75, BoW_prob_0.77, BoW_prob_0.78, BoW_prob_0.79, BoW_prob_0.82, BoW_prob_0.85, BoW_prob_0.91, BoW_pred_1",0.798,0.709,0.587-0.836,0.841,0.777,0.665-0.876
ResNet18,PLH+BoW,k=3,allIDF,100,87,1,BoW_pred_1,0.786,0.683,0.511-0.865,0.857,0.765,0.622-0.903
ResNet18,PLH only,k=3,allIDF,92,83,4,"PLH_prob_0.71, PLH_prob_0.79, PLH_prob_0.83, PLH_pred_1",0.811,0.636,0.455-0.820,0.867,0.701,0.530-0.869
ResNet18,BoW only,k=3,allIDF,100,87,1,BoW_pred_1,0.786,0.683,0.513-0.866,0.857,0.765,0.611-0.905
ResNet18,PLH+BoW,CV,allIDF,100,87,71,"BoW_prob_0.00, BoW_prob_0.01, BoW_prob_0.02, BoW_prob_0.03, BoW_prob_0.04, BoW_prob_0.05, BoW_prob_0.06, BoW_prob_0.07, BoW_prob_0.08, BoW_prob_0.11, BoW_prob_0.20, BoW_prob_0.21, BoW_prob_0.22, BoW_prob_0.23, BoW_prob_0.26, BoW_prob_0.29, BoW_prob_0.30, BoW_prob_0.31, BoW_prob_0.34, BoW_prob_0.35, BoW_prob_0.36, BoW_prob_0.38, BoW_prob_0.39, BoW_prob_0.40, BoW_prob_0.41, BoW_prob_0.42, BoW_prob_0.43, BoW_prob_0.47, BoW_prob_0.48, BoW_prob_0.49, BoW_prob_0.50, BoW_prob_0.51, BoW_prob_0.52, BoW_prob_0.53, BoW_prob_0.54, BoW_prob_0.55, BoW_prob_0.56, BoW_prob_0.57, BoW_prob_0.58, BoW_prob_0.59, BoW_prob_0.60, BoW_prob_0.62, BoW_prob_0.63, BoW_prob_0.66, BoW_prob_0.69, BoW_prob_0.70, BoW_prob_0.71, BoW_prob_0.72, BoW_prob_0.73, BoW_prob_0.74, BoW_prob_0.75, BoW_prob_0.76, BoW_prob_0.77, BoW_prob_0.79, BoW_prob_0.80, BoW_prob_0.81, BoW_prob_0.83, BoW_prob_0.84, BoW_prob_0.85, BoW_prob_0.86, BoW_prob_0.87, BoW_prob_0.88, BoW_prob_0.89, BoW_prob_0.90, BoW_prob_0.91, BoW_prob_0.92, BoW_prob_0.93, BoW_prob_0.94, BoW_prob_0.98, BoW_prob_0.99, BoW_pred_1",0.943,0.516,0.300-0.739,0.947,0.552,0.357-0.759
DenseNet121,PLH+BoW,k=3,allIDF,99,81,2,"BoW_prob_0.69, BoW_pred_1",0.78,0.717,0.568-0.862,0.844,0.78,0.653-0.907
DenseNet121,PLH only,k=3,allIDF,96,77,1,PLH_pred_1,0.784,0.718,0.565-0.873,0.852,0.79,0.651-0.922
DenseNet121,BoW only,k=3,allIDF,99,81,2,"BoW_prob_0.69, BoW_pred_1",0.78,0.717,0.575-0.866,0.844,0.78,0.655-0.905
DenseNet121,PLH+BoW,CV,allIDF,99,81,53,"BoW_prob_0.03, BoW_prob_0.04, BoW_prob_0.06, BoW_prob_0.07, BoW_prob_0.08, BoW_prob_0.09, BoW_prob_0.18, BoW_prob_0.22, BoW_prob_0.24, BoW_prob_0.25, BoW_prob_0.26, BoW_prob_0.28, BoW_prob_0.29, BoW_prob_0.30, BoW_prob_0.31, BoW_prob_0.33, BoW_prob_0.34, BoW_prob_0.35, BoW_prob_0.38, BoW_prob_0.39, BoW_prob_0.40, BoW_prob_0.44, BoW_prob_0.48, BoW_prob_0.50, BoW_prob_0.53, BoW_prob_0.54, BoW_prob_0.55, BoW_prob_0.58, BoW_prob_0.60, BoW_prob_0.61, BoW_prob_0.62, BoW_prob_0.63, BoW_prob_0.64, BoW_prob_0.67, BoW_prob_0.68, BoW_prob_0.70, BoW_prob_0.71, BoW_prob_0.72, BoW_prob_0.74, BoW_prob_0.75, BoW_prob_0.77, BoW_prob_0.78, BoW_prob_0.79, BoW_prob_0.81, BoW_prob_0.83, BoW_prob_0.84, BoW_prob_0.85, BoW_prob_0.86, BoW_prob_0.87, BoW_prob_0.90, BoW_prob_0.91, BoW_prob_0.95, BoW_pred_1",0.901,0.632,0.400-0.859,0.921,0.691,0.486-0.889
CrossFormer,PLH+BoW,k=3,allIDF,53,18,2,"BoW_prob_0.24, BoW_prob_0.26",0.663,0.677,0.541-0.808,0.727,0.775,0.657-0.892
CrossFormer,PLH only,k=3,allIDF,49,16,3,"PLH_prob_0.24, PLH_prob_0.26, PLH_prob_0.36",0.688,0.698,0.551-0.836,0.739,0.782,0.669-0.886
CrossFormer,BoW only,k=3,allIDF,51,17,2,"BoW_prob_0.24, BoW_prob_0.26",0.663,0.677,0.542-0.812,0.727,0.775,0.657-0.885
CrossFormer,PLH+BoW,CV,allIDF,53,18,15,"BoW_prob_0.08, BoW_prob_0.09, BoW_prob_0.19, BoW_prob_0.20, BoW_prob_0.21, BoW_prob_0.22, BoW_prob_0.23, BoW_prob_0.24, BoW_prob_0.26, BoW_prob_0.28, BoW_prob_0.30, BoW_prob_0.36, BoW_prob_0.48, BoW_prob_0.52, BoW_prob_0.66",0.697,0.595,0.415-0.772,0.744,0.683,0.525-0.835
