epoch_0based,epoch,deployed,patch_AUC_training,patch_AUC_validation_monitored,patch_AUC_test81,signature_C_training,signature_C_test,k3_features,k3_n_features,k3_C_training,k3_C_test
0,1,False,0.6635278936951837,0.5124230346019639,0.6397158637589472,0.7226162332545312,0.7104194857916103,"BoW_prob_0.50, BoW_pred_1",2,0.7217156366092536,0.7185385656292287
1,2,True,0.7673612741898967,0.5441145949171137,0.5899123122507491,0.7669706180344478,0.7645466847090663,"BoW_prob_0.50, BoW_prob_0.58, BoW_pred_1",3,0.7669706180344478,0.7645466847090663
2,3,False,0.8198819174832566,0.5312863051435924,0.6026358774979035,0.7879094900371496,0.7374830852503383,"BoW_prob_0.64, BoW_pred_1",2,0.7857142857142857,0.7577807848443843
3,4,False,0.8581964044172826,0.5091645346373805,0.5753815227822705,0.7519419115163796,0.6955345060893099,BoW_pred_1,1,0.756838905775076,0.6941813261163735
4,5,False,0.8826258545439379,0.5256977539232709,0.5770313064776301,0.7493526961612068,0.7591339648173207,BoW_pred_1,1,0.7465946189350444,0.7496617050067659
5,6,False,0.9046418559548588,0.49734568100432097,0.56913407411004,0.7652819993245525,0.7401894451962111,BoW_pred_1,1,0.7740065293256783,0.7368064952638701
6,7,False,0.9179357525755218,0.517089564333144,0.5907359902508559,0.7691095350669819,0.7510148849797023,BoW_pred_1,1,0.777721490487448,0.7537212449255751
7,8,False,0.9289494851940453,0.5057646246809433,0.5843806739881157,0.8005178430710346,0.7699594046008119,"BoW_prob_0.84, BoW_pred_1",2,0.796746594618935,0.7618403247631935
8,9,False,0.9405284059589025,0.4790772853530671,0.5560909072926165,0.7785657998423956,0.7496617050067659,"BoW_prob_0.74, BoW_prob_0.94, BoW_pred_1",3,0.7688843859056625,0.7631935047361299
9,10,False,0.9459938359044755,0.47841596238398254,0.5679493738644531,0.793144208037825,0.7794316644113667,BoW_pred_1,1,0.7828436339074637,0.7889039242219216
10,11,False,0.9520590370114593,0.4652839809002669,0.5559842685354525,0.779128672745694,0.7564276048714479,BoW_pred_1,1,0.7787909490037149,0.7604871447902571
11,12,False,0.9494246920949433,0.4718800936553031,0.5630255885062722,0.7847574017786784,0.7726657645466847,"BoW_prob_0.91, BoW_pred_1",2,0.7861082967465947,0.7767253044654939
