W_cm,H_cm,margin_left_cm,margin_right_cm,margin_top_cm,margin_bottom_cm,box_gap_cm,gaps_detail,visible_gap_h_cm,visible_gap_v_cm,content_w_frac,content_h_frac,boxes_fill_inner,figure
15.0,9.528675,0.4995766299745978,0.4995766299745978,0.4995766299745978,0.4995766299745978,0.3,h00-01=0.301,"(np.float64(0.3005927180355631), np.float64(0.3005927180355631))",,0.9333897826700536,0.8951111111111111,0.9785714285714286,Figure2_patch_ROC
15.0,10.415675833333337,0.4995766299745978,0.4995766299745978,0.4995766299745978,0.4995766299745978,0.3,h00-01=0.301; h01-02=0.301; h10-11=0.301; h11-12=0.301; v00-10=0.305; v01-11=0.305; v02-12=0.305,"(np.float64(0.3005927180355631), np.float64(0.3005927180355631))","(np.float64(0.3048264182895851), np.float64(0.3048264182895851))",0.9333897826700536,0.9040650406504064,0.926646601512824,Figure5_KM
15.0,6.714036776394313,0.4995766299745978,0.4995766299745978,0.4995766299745978,0.4953429297205758,0.3,h00-01=0.301; h01-02=0.301,"(np.float64(0.3005927180355631), np.float64(0.3005927180355631))",,0.9333897826700536,0.8517350157728707,0.9571428571428574,Figure7_tdROC_train
15.0,6.716772499593102,0.4995766299745978,0.4995766299745978,0.4995766299745978,0.4995766299745978,0.3,h00-01=0.301; h01-02=0.301,"(np.float64(0.3005927180355631), np.float64(0.3005927180355631))",,0.9333897826700536,0.8511979823455234,0.9571428571428576,Figure8_tdROC_test
15.0,7.941174999999997,0.4995766299745978,0.4995766299745978,0.4995766299745978,0.4995766299745978,0.3,h00-01=0.301,"(np.float64(0.3005927180355631), np.float64(0.3005927180355631))",,0.9333897826700536,0.8741333333333333,0.9785714285714284,Figure9_calibration
15.0,6.828233333333333,0.4995766299745978,0.4953429297205758,0.4995766299745978,0.4995766299745978,0.3,h00-01=0.296,"(np.float64(0.29635901778154106), np.float64(0.29635901778154106))",,0.9336720293536552,0.8535980148883374,0.9785714285714282,Figure10_DCA
15.0,7.535567109374999,0.4995766299745978,0.4953429297205758,0.4995766299745978,0.5038103302286199,0.3,h00-01=0.301,"(np.float64(0.3005927180355631), np.float64(0.3005927180355631))",,0.9336720293536552,0.8668539325842697,0.9785714285714284,FigureS1_split_sensitivity
12.0,7.431423333333333,0.4996471418489767,0.4954128440366973,0.4996471418489767,0.4996471418489767,0.3,,,,0.9170783345095272,0.8655270655270655,1.0,FigureS2_backbone_forest
15.0,7.528020000000001,0.4995766299745978,0.4995766299745978,0.4995766299745978,0.5038103302286199,0.3,,,,0.9333897826700536,0.8667041619797525,1.0,FigureS3_guideline_forest
15.0,11.525318569744515,0.49957662997459784,0.49957662997459784,0.49957662997459784,0.49957662997459784,0.3,h00-01=0.440; h01-02=0.301; h10-11=0.296; h11-12=0.334; v00-10=0.326; v01-11=0.301; v02-12=0.301,"(np.float64(0.29635901778154106), np.float64(0.4403048264182896))","(np.float64(0.3005927180355631), np.float64(0.3259949195596952))",0.9333897826700537,0.9132990448199853,0.9298617012101271,Figure11_TCGA_external
